<?xml version='1.0' encoding='UTF-8'?>
<faces-config version="2.2" xmlns="http://xmlns.jcp.org/xml/ns/javaee"
              xmlns:xsi="http://www.w3.org/2001/XMLSchema-instance"
              xsi:schemaLocation="http://xmlns.jcp.org/xml/ns/javaee
                                  http://xmlns.jcp.org/xml/ns/javaee/web-facesconfig_2_2.xsd">
    <navigation-rule>
        <from-view-id>/view/start.xhtml</from-view-id>
        <navigation-case>
            <from-outcome>nextPage</from-outcome>
            <to-view-id>/view/main.xhtml</to-view-id>
            <redirect/>
        </navigation-case>

    </navigation-rule>
    <navigation-rule>
        <from-view-id>/view/main.xhtml</from-view-id>
        <navigation-case>
            <from-outcome>startButton</from-outcome>
            <to-view-id>/view/start.xhtml</to-view-id>
            <redirect/>
        </navigation-case>

    </navigation-rule>
  
</faces-config>